Products,Actual Prices,Discount Prices,Ratings
"SAMSUNG Galaxy F05 (Twilight Blue, 64 GB)","₹9,999","₹6,499",4.2
"SAMSUNG Galaxy M35 5G (DayBreak Blue, 128 GB)","₹24,499","₹14,613",4.4
SAMSUNG SM 1207,"₹2,099",₹999,3.3
SAMSUNG Guru Music 2 B310ED,"₹1,998","₹1,185",3.1
SAMSUNG SM-B310EZDDINS,"₹2,540","₹1,498",3.2
"SAMSUNG Galaxy A05 (Black, 128 GB)","₹14,892","₹8,999",4.2
"SAMSUNG Galaxy F06 5G (Bahama Blue, 128 GB)","₹13,999","₹9,499",4.2
"SAMSUNG Galaxy A05 (Silver, 128 GB)","₹14,999","₹8,980",4.2
"SAMSUNG M15 Prime Edition (Celestial Blue, 128 GB)","₹16,999","₹13,390",4.4
"SAMSUNG Galaxy F16 5G (Bling Black, 128 GB)","₹15,999","₹12,499",N/A
"SAMSUNG M05 (Mint Green, 64 GB)","₹9,999","₹7,149",4.3
"SAMSUNG Galaxy F06 5G (Lit Violet, 128 GB)","₹13,999","₹9,499",4.2
"SAMSUNG Galaxy A05 (Light Green, 128 GB)","₹14,999","₹8,947",4.2
"SAMSUNG Galaxy M35 5G (Moonlight Blue, 256 GB)","₹27,499","₹23,490",4.4
"SAMSUNG Galaxy A16 5G (Light Green, 128 GB)","₹19,999","₹14,990",4.2
"SAMSUNG Galaxy M35 5G (DayBreak Blue, 128 GB)","₹25,999","₹17,448",4.4
"SAMSUNG Galaxy A05 (Light Green, 64 GB)","₹12,499","₹8,499",4.4
"SAMSUNG Galaxy S24 FE 5G (Graphite, 128 GB)","₹59,999","₹44,999",4.5
"SAMSUNG Galaxy M35 5G (Moonlight Blue, 128 GB)","₹24,499","₹15,331",4.4
"SAMSUNG Galaxy F16 5G (Blazing Blue, 128 GB)","₹15,999","₹12,499",N/A
"SAMSUNG Galaxy A05 (Silver, 64 GB)","₹12,499","₹7,895",4.4
"SAMSUNG Galaxy A16 5G (Blue Black, 128 GB)","₹19,999","₹15,499",4.2
"SAMSUNG Galaxy M35 5G (Moonlight Blue, 128 GB)","₹25,999","₹18,385",4.4
"SAMSUNG Galaxy A03 (Black, 32 GB)","₹12,999","₹8,999",4.1
"SAMSUNG Galaxy S24 FE 5G (Mint, 128 GB)","₹59,999","₹44,999",4.5
"SAMSUNG Galaxy F16 5G (Bling Black, 128 GB)","₹15,999","₹12,499",N/A
"SAMSUNG Galaxy M35 5G (Thunder Grey, 128 GB)","₹24,999","₹17,999",4.4
"SAMSUNG Galaxy M16 5G (Thunder Black, 128 GB)","₹14,799","₹12,597",4.7
"SAMSUNG Galaxy A05 (Silver, 64 GB)","₹12,499","₹7,775",4.4
"SAMSUNG Galaxy F15 5G (Ash Black, 128 GB)","₹16,999","₹13,499",4.2
"SAMSUNG Galaxy S24 FE 5G (Blue, 128 GB)","₹59,999","₹44,999",4.5
"SAMSUNG Galaxy A35 5G (Awesome Lilac, 128 GB)","₹33,999","₹24,994",4.3
"SAMSUNG Galaxy M35 5G (DayBreak Blue, 256 GB)","₹27,779","₹22,999",4.4
"SAMSUNG Galaxy A36 5G (Awesome Lavender, 256 GB)","₹38,999","₹32,999",4.5
"SAMSUNG Galaxy F15 5G (Ash Black, 128 GB)","₹15,999","₹12,499",4.1
"SAMSUNG Galaxy A03 (Black, 32 GB)","₹12,999","₹8,999",4.1
"SAMSUNG Galaxy M35 5G (Thunder Grey, 256 GB)","₹27,808","₹22,990",4.4
"SAMSUNG Galaxy F55 5G (Apricot Crush, 256 GB)","₹31,999","₹23,999",4
"SAMSUNG Galaxy M14 4G (Sapphire Blue, 64 GB)","₹16,999","₹8,999",4.1
"SAMSUNG Galaxy S24 FE 5G (Mint, 256 GB)","₹65,999","₹50,999",4.5
"SAMSUNG Galaxy M35 5G (Moonlight Blue, 128 GB)","₹24,499","₹15,331",4.4
"SAMSUNG Galaxy A16 5G (Blue Black, 128 GB)","₹19,999","₹15,499",4.2
"SAMSUNG Galaxy A04 (Copper, 64 GB)","₹14,999","₹8,990",3.9
"SAMSUNG Galaxy A35 5G (Awesome Navy, 128 GB)","₹33,999","₹24,514",4.3
"SAMSUNG Galaxy S24+ 5G (Onyx Black, 256 GB)","₹99,999","₹59,999",4.5
"SAMSUNG Galaxy A35 5G (Awesome Iceblue, 256 GB)","₹36,999","₹28,047",4.3
"SAMSUNG galaxy M15 5G (Blue Topaz, 128 GB)","₹17,999","₹14,295",4.1
"SAMSUNG Galaxy S24+ 5G (Cobalt Violet, 256 GB)","₹99,999","₹59,999",4.5
"SAMSUNG Galaxy A05s (Light Green, 128 GB)","₹17,499","₹10,799",4.2
"SAMSUNG Galaxy F15 5G (Groovy Violet, 128 GB)","₹15,999","₹12,499",4.1
"SAMSUNG Galaxy M35 5G (Thunder Grey, 128 GB)","₹24,499","₹15,399",4.4
"SAMSUNG Galaxy F15 5G (Jazzy Green, 128 GB)","₹16,999","₹13,499",4.2
"SAMSUNG Galaxy S24 FE 5G (Graphite, 256 GB)","₹65,999","₹50,999",4.5
"SAMSUNG Galaxy A55 5G (Awesome Navy, 128 GB)","₹42,999","₹32,990",4.4
"(Refurbished) SAMSUNG Galaxy A14 5G (Light Green, 128 GB)","₹15,499","₹11,999",N/A
"SAMSUNG Galaxy F06 5G (Bahama Blue, 128 GB)","₹15,499","₹10,999",4.1
"SAMSUNG Galaxy S24 FE 5G (Blue, 256 GB)","₹65,999","₹50,999",4.5
"SAMSUNG Galaxy A16 5G (Light Green, 128 GB)","₹21,499","₹16,999",4.2
"SAMSUNG Galaxy M15 5G (Blue Topaz, 128 GB)","₹15,999","₹11,899",4.2
"SAMSUNG A05 (Light Green, 64 GB)","₹12,499","₹9,999",4
"SAMSUNG Galaxy A35 5G (Awesome Iceblue, 128 GB)","₹33,999","₹24,700",4.3
"SAMSUNG Galaxy A16 5G (Light Green, 256 GB)","₹24,499","₹19,999",4.2
"SAMSUNG Galaxy F16 5G (Blazing Blue, 128 GB)","₹15,999","₹12,499",N/A
"SAMSUNG Galaxy F15 5G (Groovy Violet, 128 GB)","₹16,999","₹13,499",4.2
"SAMSUNG galaxy M15 5G (Celestrial Blue, 128 GB)","₹17,999","₹14,075",4.1
"SAMSUNG Galaxy A55 5G (Awesome Navy, 256 GB)","₹45,999","₹36,999",4.4
"SAMSUNG Galaxy F15 5G (Jazzy Green, 128 GB)","₹15,999","₹12,499",4.1
"SAMSUNG Galaxy S23 5G (Green, 256 GB)","₹95,999","₹41,999",4.6
"SAMSUNG galaxy M15 5G (Celestrial Blue, 128 GB)","₹16,999","₹13,998",4.3
"SAMSUNG Galaxy M15 5G (Stone Grey, 128 GB)","₹15,999","₹13,990",4.2
"SAMSUNG Galaxy F55 5G (Raisin Black, 256 GB)","₹34,999","₹26,999",4
"SAMSUNG Galaxy M14 5G (Smoky Teal, 128 GB)","₹18,990","₹12,599",4.2
"SAMSUNG Galaxy A14 5G (Dark Red, 128 GB)","₹20,999","₹13,993",4.2
"SAMSUNG Galaxy A35 5G (Awesome Lilac, 128 GB)","₹33,999","₹25,999",4.3
"SAMSUNG Galaxy A15 5G (Blue Black, 128 GB)","₹21,499","₹17,190",4.3
"SAMSUNG Galaxy M15 5G (Stone Grey, 128 GB)","₹16,999","₹13,223",4.3
"SAMSUNG Galaxy M15 5G (Blue Topaz, 128 GB)","₹16,999","₹13,377",4.3
"SAMSUNG Galaxy A25 5G (Blue, 128 GB)","₹28,499","₹19,990",4.2
"SAMSUNG Galaxy F16 5G (Bling Black, 128 GB)","₹17,499","₹13,999",4.4
"SAMSUNG Galaxy A23 5G (Silver, 128 GB)","₹30,990","₹23,999",4.1
"SAMSUNG M15 5G Prime Edition (Stone Grey, 128 GB)","₹15,999","₹11,812",4.7
"SAMSUNG Galaxy A16 5G (Gold, 256 GB)","₹24,499","₹20,520",4.2
"SAMSUNG Galaxy A05s (Light Green, 128 GB)","₹15,999","₹11,699",4.2
"SAMSUNG Galaxy A54 5G (Awesome Lime, 128 GB)","₹41,999","₹28,999",4.3
"SAMSUNG Galaxy A16 5G (Blue Black, 128 GB)","₹21,499","₹16,479",4.2
"SAMSUNG Galaxy M16 5G (Blush Pink, 128 GB)","₹17,499","₹16,489",N/A
"SAMSUNG M15 Prime Edition (Blue Topaz, 128 GB)","₹16,999","₹13,490",4.4
"SAMSUNG GALAXY A14 5G (Black, 128 GB)","₹22,999","₹15,691",4.1
"SAMSUNG Galaxy A15 5G (Blue, 128 GB)","₹19,999","₹14,499",4.3
"SAMSUNG Galaxy A05 (Black, 64 GB)","₹12,499","₹8,176",4.4
"SAMSUNG M15 5G (Celestrial Blue, 128 GB)","₹15,999","₹11,919",4.3
"SAMSUNG Galaxy A14 5G (Dark Red, 64 GB)","₹11,999","₹11,891",4.2
"(Refurbished) SAMSUNG Galaxy F13 (Nightsky Green, 128 GB)","₹16,999","₹7,999",N/A
"SAMSUNG Galaxy A16 5G (Gold, 128 GB)","₹19,999","₹15,490",4.2
"(Refurbished) SAMSUNG Galaxy A23 5G (Light Blue, 128 GB)","₹25,999","₹13,499",N/A
"SAMSUNG Galaxy A36 5G (Awesome White, 128 GB)","₹35,999","₹29,449",4.5
"SAMSUNG Galaxy A16 5G (Light Green, 128 GB)","₹19,999","₹15,499",4.2
"SAMSUNG Galaxy S23 FE (Purple, 128 GB)","₹79,999","₹29,999",4.4
"SAMSUNG Galaxy A14 (Black, 64 GB)","₹11,999","₹11,892",3.9
"SAMSUNG Galaxy A06 5G (Light Green, 128 GB)","₹15,499","₹13,999",N/A
"SAMSUNG Galaxy Z Flip5 (Cream, 512 GB)","₹1,13,999","₹64,999",4.4
"SAMSUNG Galaxy A55 5G (Awesome Iceblue, 256 GB)","₹49,999","₹38,999",4.4
"SAMSUNG Galaxy A16 5G (Gold, 128 GB)","₹21,499","₹16,999",4.2
"(Refurbished) SAMSUNG Galaxy F13 (Waterfall Blue, 64 GB)","₹14,999","₹6,299",N/A
"SAMSUNG Galaxy Z Fold5 (Phantom Black, 512 GB)","₹1,69,999","₹1,15,999",4.6
SAMSUNG Guru 1200,"₹1,999","₹1,050",3.4
SAMSUNG Metro 313,"₹2,567","₹1,219",3.3
SAMSUNG Guru Music 2 B310ED,"₹2,469","₹1,299",3.1
"SAMSUNG Galaxy A14 5G (Black, 128 GB)","₹20,999","₹13,595",4.2
SAMSUNG 1200,"₹1,999",₹889,3.2
SAMSUNG Metro 313,"₹2,999","₹1,324",3.3
SAMSUNG Guru Music 2 B310ED,"₹1,999","₹1,099",3.1
SAMSUNG Metro B313E,"₹2,100","₹1,501",3.1
SAMSUNG SM 12077,"₹1,999",₹900,3.1
SAMSUNG 1200,"₹2,099",₹849,3.2
"SAMSUNG Galaxy A16 5G (Gold, 256 GB)","₹24,499","₹18,990",4.2
"SAMSUNG Galaxy M15 5G (Stone Grey, 128 GB)","₹16,999","₹13,223",4.3
"SAMSUNG Galaxy M15 5G (Blue Topaz, 128 GB)","₹16,999","₹13,377",4.3
"SAMSUNG M15 5G (Celestrial Blue, 128 GB)","₹15,999","₹11,919",4.3
"SAMSUNG M15 (Blue Topaz, 128 GB)","₹15,999","₹11,980",4.1
"SAMSUNG M15 (Celestial Blue, 128 GB)","₹15,999","₹11,988",4.1
"SAMSUNG Galaxy M14 4G (Sapphire Blue, 64 GB)","₹16,999","₹8,999",4.1
"SAMSUNG Galaxy A55 5G (Awesome Iceblue, 256 GB)","₹48,999","₹45,999",4.3
"SAMSUNG Galaxy A35 5G (Awesome Navy, 256 GB)","₹36,999","₹28,999",4.3
"SAMSUNG Galaxy A35 5G (Awesome Navy, 128 GB)","₹33,999","₹24,336",4.3
"SAMSUNG Galaxy A55 5G (Awesome Iceblue, 256 GB)","₹49,999","₹38,999",4.4
"SAMSUNG Galaxy A55 5G (Awesome Iceblue, 128 GB)","₹44,990","₹35,499",4.4
"SAMSUNG Galaxy F15 5G (Jazzy Green, 128 GB)","₹16,999","₹13,499",4.2
"SAMSUNG Galaxy F15 5G (Jazzy Green, 128 GB)","₹15,999","₹12,499",4.1
"SAMSUNG Galaxy F15 5G (Ash Black, 128 GB)","₹16,999","₹13,499",4.2
"SAMSUNG Galaxy F15 5G (Ash Black, 128 GB)","₹15,999","₹12,499",4.1
"SAMSUNG Galaxy F15 5G (Groovy Violet, 128 GB)","₹15,999","₹12,499",4.1
"SAMSUNG Galaxy F15 5G (Groovy Violet, 128 GB)","₹16,999","₹13,499",4.2
"SAMSUNG Galaxy S24 Ultra 5G (Titanium Gray, 256 GB)","₹1,34,999","₹1,19,999",4.6
"SAMSUNG Galaxy S24 Ultra 5G (Titanium Gray, 512 GB)","₹1,44,999","₹1,29,999",4.6
"SAMSUNG Galaxy S24 Ultra 5G (Titanium Black, 512 GB)","₹1,44,999","₹1,29,999",4.6
"SAMSUNG Galaxy S24 Ultra 5G (Titanium Black, 256 GB)","₹1,34,999","₹1,19,999",4.6
"SAMSUNG Galaxy S24+ 5G (Onyx Black, 256 GB)","₹99,999","₹59,999",4.5
"SAMSUNG Galaxy S24 5G (Amber Yellow, 256 GB)","₹79,999","₹70,999",4.5
"SAMSUNG Galaxy S24 5G (Amber Yellow, 512 GB)","₹89,999","₹82,999",4.5
"SAMSUNG Galaxy S24+ 5G (Cobalt Violet, 256 GB)","₹99,999","₹59,999",4.5
"SAMSUNG Galaxy S24 Ultra 5G (Titanium Violet, 512 GB)","₹1,44,999","₹1,29,999",4.6
"SAMSUNG Galaxy S24 5G (Cobalt Violet, 256 GB)","₹79,999","₹70,999",4.5
"SAMSUNG Galaxy S24 Ultra 5G (Titanium Violet, 256 GB)","₹1,34,999","₹1,19,999",4.6
"SAMSUNG Galaxy S24 5G (Onyx Black, 512 GB)","₹89,999","₹82,999",4.5
"SAMSUNG Galaxy S24 5G (Onyx Black, 256 GB)","₹79,999","₹70,999",4.5
"SAMSUNG Galaxy Z Flip5 Special Edition (Yellow, 256 GB)","₹1,09,999","₹99,999",4.2
"SAMSUNG A05 (Light Green, 64 GB)","₹12,499","₹9,999",4
"SAMSUNG Galaxy A15 5G (Blue Black, 256 GB)","₹24,499","₹20,199",4.3
"SAMSUNG Galaxy A15 5G (Light Blue, 128 GB)","₹21,499","₹17,199",4.3
"SAMSUNG Galaxy A15 5G (Blue, 128 GB)","₹21,499","₹16,899",4.3
"SAMSUNG Galaxy A25 5G (Blue, 128 GB)","₹28,499","₹19,990",4.2
"SAMSUNG Galaxy A15 5G (Blue Black, 128 GB)","₹21,499","₹17,190",4.3
"SAMSUNG Galaxy A25 5G (Yellow, 128 GB)","₹28,499","₹19,488",4.2
"SAMSUNG Galaxy A25 5G (Blue, 256 GB)","₹31,499","₹22,750",4.2
"SAMSUNG Galaxy A25 5G (Blue Black, 256 GB)","₹31,499","₹22,990",4.2
"SAMSUNG Galaxy A25 5G (Yellow, 256 GB)","₹31,499","₹22,990",4.2
"SAMSUNG Galaxy A25 5G (Blue Black, 128 GB)","₹28,499","₹19,490",4.2
"SAMSUNG Galaxy S23 FE (Purple, 128 GB)","₹79,999","₹29,999",4.4
"SAMSUNG Galaxy S23 FE (Graphite, 128 GB)","₹79,999","₹29,999",4.4
"SAMSUNG Galaxy S23 FE (Graphite, 256 GB)","₹84,999","₹32,999",4.4
"SAMSUNG Galaxy S23 FE (Mint, 256 GB)","₹84,999","₹32,999",4.4
"SAMSUNG Galaxy S23 FE (Mint, 128 GB)","₹79,999","₹29,999",4.4
"SAMSUNG Galaxy A05 (Black, 128 GB)","₹14,999","₹9,135",4.2
"SAMSUNG Galaxy A05 (Light Green, 128 GB)","₹14,999","₹8,947",4.2
"SAMSUNG Galaxy A05s (Light Green, 128 GB)","₹17,499","₹10,799",4.2
"SAMSUNG Galaxy A05s (Light Green, 128 GB)","₹15,999","₹11,699",4.2
"SAMSUNG Galaxy A05 (Light Green, 64 GB)","₹12,499","₹8,499",4.4
"SAMSUNG a14 5g (Steller Black, 64 GB)","₹16,499","₹9,999",4
"Samsung Galaxy S21 FE 5G with Snapdragon 888 (Navy, 128 GB)","₹69,999","₹45,999",4.3
"Samsung Galaxy S21 FE 5G with Snapdragon 888 (Graphite, 128 GB)","₹69,999","₹45,999",4.3
"Samsung Galaxy S21 FE 5G with Snapdragon 888 (Olive, 256 GB)","₹74,999","₹33,999",4.3
"SAMSUNG Galaxy M33 5G (Mystique Green, 128 GB)","₹25,999","₹19,999",4.2
"SAMSUNG Galaxy F34 5G (Electric Black, 128 GB)","₹24,499","₹19,999",4.2
"SAMSUNG Galaxy F34 5G (Electric Black, 128 GB)","₹25,999","₹21,999",4.2
"SAMSUNG Galaxy F34 5G (Mystic Green, 128 GB)","₹24,499","₹19,999",4.2
"SAMSUNG Galaxy F34 5G (Mystic Green, 128 GB)","₹25,999","₹21,999",4.2
"SAMSUNG Galaxy F34 5G (Orchid Violet, 128 GB)","₹24,499","₹19,999",4.2
"SAMSUNG Galaxy M34 5G without charger (Midnight Blue, 128 GB)","₹24,499","₹17,999",4.3
"SAMSUNG Galaxy Z Flip5 (Graphite, 256 GB)","₹1,02,999","₹79,999",4.4
"SAMSUNG Galaxy Z Flip5 (Graphite, 512 GB)","₹1,13,999","₹64,999",4.4
"SAMSUNG Galaxy Z Flip5 (Mint, 256 GB)","₹1,02,999","₹99,999",4.4
"SAMSUNG Galaxy Z Flip5 (Mint, 512 GB)","₹1,13,999","₹66,999",4.4
"SAMSUNG Galaxy Z Flip5 (Cream, 512 GB)","₹1,13,999","₹64,999",4.4
"SAMSUNG Galaxy Z Flip5 (Lavender, 256 GB)","₹1,09,999","₹66,999",4.4
"SAMSUNG Galaxy Z Flip5 (Cream, 256 GB)","₹1,02,999","₹66,999",4.4
"SAMSUNG Galaxy Z Fold5 (Cream, 512 GB)","₹1,69,999","₹1,02,999",4.6
"SAMSUNG Galaxy Z Fold5 (Cream, 256 GB)","₹1,59,999","₹96,999",4.6
"SAMSUNG Galaxy M34 5G without charger (Prism Silver, 128 GB)","₹25,999","₹22,999",4.2
"SAMSUNG Galaxy F54 5G (Meteor Blue, 256 GB)","₹35,999","₹29,998",4.2
"SAMSUNG Galaxy M14 5G (Smoky Teal, 128 GB)","₹18,990","₹12,599",4.2
"SAMSUNG Galaxy M33 5G (Mystique Green, 128 GB)","₹24,999","₹17,999",4.2
"SAMSUNG Galaxy S23 5G (Green, 128 GB)","₹89,999","₹39,999",4.6
"SAMSUNG Galaxy S23 5G (Phantom Black, 128 GB)","₹89,999","₹39,999",4.6
"SAMSUNG Galaxy S23 5G (Lavender, 128 GB)","₹89,999","₹39,999",4.6
"SAMSUNG Galaxy F14 5G (GOAT Green, 128 GB)","₹18,490","₹13,490",4.2
"SAMSUNG Galaxy F14 5G (B.A.E. Purple, 128 GB)","₹17,490","₹12,399",4.2
"SAMSUNG Galaxy F14 5G (B.A.E. Purple, 128 GB)","₹18,490","₹13,490",4.2
"SAMSUNG Galaxy A54 5G (Awesome Graphite, 128 GB)","₹41,999","₹27,999",4.3
"SAMSUNG Galaxy A34 5G (Awesome Lime, 128 GB)","₹35,499","₹27,499",4.3
"SAMSUNG Galaxy A54 5G (Awesome Lime, 256 GB)","₹45,999","₹37,499",4.3
"SAMSUNG Galaxy A34 5G (Awesome Graphite, 128 GB)","₹35,499","₹27,891",4.3
"SAMSUNG Galaxy A54 5G (Awesome Graphite, 256 GB)","₹45,999","₹37,499",4.3
"SAMSUNG Galaxy S23 5G (Green, 256 GB)","₹95,999","₹41,999",4.6
"SAMSUNG Galaxy S23 5G (Phantom Black, 256 GB)","₹95,999","₹41,999",4.6
"SAMSUNG Galaxy S23 5G (Cream, 128 GB)","₹89,999","₹39,999",4.6
"SAMSUNG Galaxy S23 5G (Lavender, 256 GB)","₹95,999","₹41,999",4.6
"SAMSUNG Galaxy A23 5G (Light Blue, 128 GB)","₹30,990","₹23,999",4.1
"SAMSUNG Galaxy A23 5G (Orange, 128 GB)","₹28,990","₹21,999",4.1
"SAMSUNG Galaxy A23 5G (Silver, 128 GB)","₹30,990","₹23,999",4.1
"SAMSUNG Galaxy A23 5G (Silver, 128 GB)","₹28,990","₹21,999",4.1
"SAMSUNG GALAXY M13 (Aqua Green, 64 GB)","₹14,999","₹9,999",4.2
"SAMSUNG GALAXY M13 (Stardust Brown, 64 GB)","₹14,999","₹9,890",4.2
"SAMSUNG Galaxy M33 5G (Mystique Green, 128 GB)","₹25,999","₹24,999",4.2
"SAMSUNG A04 e (Copper, 64 GB)","₹11,999","₹7,499",4.2
"SAMSUNG Galaxy M04 (Light Green, 64 GB)","₹11,999","₹9,990",4.1
"SAMSUNG Galaxy A04 (Green, 64 GB)","₹14,999","₹11,999",3.9
"SAMSUNG Galaxy A04e (Light Blue, 128 GB)","₹14,999","₹8,999",4.1
"SAMSUNG Galaxy A04e (Light Blue, 64 GB)","₹11,999","₹7,999",4.1
"SAMSUNG Galaxy S20 FE 5G (Cloud Navy, 128 GB)","₹66,513","₹29,000",4.2
"SAMSUNG Galaxy A34 5G (Awesome Violet, 128 GB)","₹34,999","₹27,499",4.4
"SAMSUNG Galaxy M52 5G (Blazing Black, 128 GB)","₹29,999","₹24,999",4.2
"SAMSUNG Galaxy M53 5G (Mystique Green, 128 GB)","₹32,999","₹26,999",4
"SAMSUNG GALAXY M13 (Midnight Blue, 128 GB)","₹17,999","₹12,898",4.2
"SAMSUNG Galaxy A03 Core (Bronze, 32 GB)","₹8,999","₹7,999",4.1
"SAMSUNG Galaxy Z Fold5 (Phantom Black, 256 GB)","₹1,59,999","₹96,990",4.6
"SAMSUNG Galaxy Z Fold5 (Icy Blue, 512 GB)","₹1,69,999","₹1,02,999",4.6
"SAMSUNG Galaxy Z Fold5 (Phantom Black, 512 GB)","₹1,69,999","₹1,15,999",4.6
"SAMSUNG Galaxy Z Fold5 (Cream, 512 GB)","₹1,69,999","₹1,02,999",4.6
"SAMSUNG Galaxy Z Fold5 (Cream, 256 GB)","₹1,59,999","₹96,999",4.6
"SAMSUNG Galaxy M34 5G without charger (Prism Silver, 128 GB)","₹25,999","₹22,999",4.2
"SAMSUNG Galaxy F54 5G (Meteor Blue, 256 GB)","₹35,999","₹29,998",4.2
"SAMSUNG Galaxy M14 5G (Smoky Teal, 128 GB)","₹18,990","₹12,599",4.2
"SAMSUNG Galaxy M33 5G (Mystique Green, 128 GB)","₹24,999","₹17,999",4.2
"SAMSUNG Galaxy S23 5G (Lavender, 128 GB)","₹89,999","₹39,999",4.6
"SAMSUNG Galaxy S23 5G (Green, 128 GB)","₹89,999","₹39,999",4.6
"SAMSUNG Galaxy S23 5G (Phantom Black, 128 GB)","₹89,999","₹39,999",4.6
"SAMSUNG Galaxy F14 5G (B.A.E. Purple, 128 GB)","₹17,490","₹12,399",4.2
"SAMSUNG Galaxy F14 5G (B.A.E. Purple, 128 GB)","₹18,490","₹13,490",4.2
"SAMSUNG Galaxy F14 5G (GOAT Green, 128 GB)","₹18,490","₹13,490",4.2
"SAMSUNG Galaxy A54 5G (Awesome Lime, 128 GB)","₹41,999","₹28,999",4.3
"SAMSUNG Galaxy A54 5G (Awesome Lime, 256 GB)","₹45,999","₹37,499",4.3
"SAMSUNG Galaxy A34 5G (Awesome Violet, 128 GB)","₹34,999","₹27,499",4.4
"SAMSUNG Galaxy A54 5G (Awesome Graphite, 128 GB)","₹41,999","₹27,999",4.3
"SAMSUNG Galaxy A54 5G (Awesome Graphite, 256 GB)","₹45,999","₹37,499",4.3
"SAMSUNG Galaxy A34 5G (Awesome Graphite, 128 GB)","₹35,499","₹27,891",4.3
"SAMSUNG Galaxy S23 5G (Lavender, 256 GB)","₹95,999","₹41,999",4.6
"SAMSUNG Galaxy S23 5G (Green, 256 GB)","₹95,999","₹41,999",4.6
"SAMSUNG Galaxy S23 5G (Phantom Black, 256 GB)","₹95,999","₹41,999",4.6
"SAMSUNG Galaxy S23 5G (Cream, 128 GB)","₹89,999","₹39,999",4.6
"SAMSUNG Galaxy A23 5G (Orange, 128 GB)","₹28,990","₹21,999",4.1
"SAMSUNG Galaxy A23 5G (Light Blue, 128 GB)","₹30,990","₹23,999",4.1
"SAMSUNG Galaxy A23 5G (Silver, 128 GB)","₹28,990","₹21,999",4.1
"SAMSUNG Galaxy A23 5G (Silver, 128 GB)","₹30,990","₹23,999",4.1
"SAMSUNG Galaxy M52 5G (Blazing Black, 128 GB)","₹29,999","₹24,999",4.2
"SAMSUNG Galaxy M53 5G (Mystique Green, 128 GB)","₹32,999","₹26,999",4
"SAMSUNG GALAXY M13 (Midnight Blue, 128 GB)","₹17,999","₹12,898",4.2
"SAMSUNG GALAXY M13 (Aqua Green, 64 GB)","₹14,999","₹9,999",4.2
"SAMSUNG GALAXY M13 (Stardust Brown, 64 GB)","₹14,999","₹10,780",4.2
"SAMSUNG Galaxy M33 5G (Mystique Green, 128 GB)","₹25,999","₹24,999",4.2
"SAMSUNG A04 e (Copper, 64 GB)","₹11,999","₹7,499",4.2
"SAMSUNG Galaxy M04 (Light Green, 64 GB)","₹11,999","₹9,990",4.1
"SAMSUNG Galaxy A03 Core (Bronze, 32 GB)","₹8,999","₹7,999",4.1
"SAMSUNG Galaxy A04e (Copper, 64 GB)","₹11,999","₹9,999",4.1
"SAMSUNG Galaxy A04 (Green, 64 GB)","₹14,999","₹11,999",3.9
"SAMSUNG Galaxy A04 (Green, 128 GB)","₹15,999","₹12,999",3.9
"SAMSUNG Galaxy A04e (Copper, 128 GB)","₹15,048","₹8,446",4.1
"SAMSUNG Galaxy A04 (Copper, 64 GB)","₹14,999","₹8,990",3.9
"SAMSUNG Galaxy A04e (Light Blue, 128 GB)","₹14,999","₹8,999",4.1
"SAMSUNG Galaxy A04e (Light Blue, 64 GB)","₹11,999","₹7,999",4.1
"SAMSUNG Galaxy A53 (Awesome Peach, 256 GB)","₹42,990","₹29,990",4.1
"SAMSUNG Galaxy Z Fold4 5G (Beige, 512 GB)","₹1,87,999","₹94,999",3.3
"SAMSUNG Galaxy Z Fold4 5G (Phantom Black, 512 GB)","₹1,87,999","₹96,999",3.3
"SAMSUNG Galaxy Z Flip4 5G (Pink Gold, 256 GB)","₹1,06,999","₹94,999",3.9
"SAMSUNG Galaxy Z Fold4 5G (Graygreen, 256 GB)","₹1,77,999","₹89,999",3.3
"SAMSUNG Galaxy Z Flip4 5G (Bora Purple, 256 GB)","₹1,06,999","₹56,990",3.9
"SAMSUNG Galaxy Z Fold4 5G (Graygreen, 512 GB)","₹1,87,999","₹93,999",3.3
"SAMSUNG Galaxy S22 Plus 5G (Green, 256 GB)","₹1,05,999","₹88,999",4.4
"SAMSUNG Galaxy S22 5G (Green, 128 GB)","₹85,999","₹42,299",4.4
"SAMSUNG Galaxy S22 5G (Phantom Black, 128 GB)","₹85,999","₹72,999",4.4
"SAMSUNG Galaxy F23 5G (Copper Blush, 128 GB)","₹23,999","₹18,499",4.3
"SAMSUNG Galaxy S20 FE (Cloud Navy, 128 GB)","₹61,999","₹25,999",4
"SAMSUNG Galaxy A33 (Awesome Blue, 128 GB)","₹33,990","₹27,499",4.1
"SAMSUNG Galaxy A33 (Awesome Black, 128 GB)","₹33,990","₹27,499",4.1
"SAMSUNG Galaxy S21 FE 5G (Olive Green, 128 GB)","₹74,999","₹50,999",4.3
"SAMSUNG Galaxy A23 (Peach, 128 GB)","₹23,499","₹15,999",4.2
"SAMSUNG Galaxy A53 (Awesome Peach, 128 GB)","₹38,990","₹24,899",4
"SAMSUNG Galaxy A23 (Blue, 128 GB)","₹27,999","₹20,999",4.3
"SAMSUNG Galaxy A23 (Black, 128 GB)","₹25,490","₹21,600",4.3
"SAMSUNG Galaxy A13 (Blue, 128 GB)","₹19,990","₹13,199",4.1
"SAMSUNG Galaxy A13 (Peach, 64 GB)","₹18,490","₹11,499",4.1
"SAMSUNG Galaxy A13 (Blue, 128 GB)","₹20,990","₹13,199",4.2
"SAMSUNG Galaxy A13 (Black, 128 GB)","₹20,990","₹12,590",4.2
"SAMSUNG Galaxy A13 (Blue, 64 GB)","₹18,490","₹12,599",4.1
"SAMSUNG Galaxy A53 (Awesome Blue, 128 GB)","₹38,990","₹31,999",4
"SAMSUNG Galaxy A03 (Black, 32 GB)","₹12,999","₹8,999",4.1
"SAMSUNG Galaxy S21 FE 5G (Graphite, 128 GB)","₹74,999","₹39,999",4.3
"SAMSUNG Galaxy F23 5G (Aqua Blue, 128 GB)","₹23,999","₹18,499",4.3
"SAMSUNG Galaxy F23 5G (Aqua Blue, 128 GB)","₹22,999","₹17,499",4.2
"SAMSUNG Galaxy F23 5G (Forest Green, 128 GB)","₹23,999","₹18,499",4.3
"SAMSUNG Galaxy S21 FE 5G (Lavender, 128 GB)","₹74,999","₹39,999",4.3
"SAMSUNG Galaxy F42 5G (Matte Aqua, 128 GB)","₹23,999","₹22,899",4.1
"SAMSUNG Galaxy F42 5G (Matte Aqua, 128 GB)","₹25,999","₹22,999",4.1
"SAMSUNG Galaxy Z Flip3 5G (Cream, 128 GB)","₹95,999","₹69,999",4.3
"SAMSUNG Galaxy F22 (Denim Blue, 64 GB)","₹14,999","₹11,499",4.3
"SAMSUNG Galaxy F22 (Denim Black, 64 GB)","₹14,999","₹11,499",4.3
"SAMSUNG Galaxy F22 (Denim Black, 128 GB)","₹16,999","₹13,499",4.3
"SAMSUNG Galaxy F12 (Sea Green, 64 GB)","₹12,999","₹10,499",4.3
"SAMSUNG Galaxy F12 (Sky Blue, 128 GB)","₹13,999","₹11,499",4.3
"SAMSUNG Galaxy F12 (Sky Blue, 64 GB)","₹12,999","₹10,499",4.3
"SAMSUNG Galaxy F12 (Celestial Black, 64 GB)","₹12,999","₹10,499",4.3
"SAMSUNG Galaxy F12 (Sea Green, 128 GB)","₹13,999","₹11,499",4.3
"SAMSUNG Galaxy F02s (Diamond Blue, 32 GB)","₹10,499","₹9,499",4.2
"SAMSUNG Galaxy F62 (Laser Blue, 128 GB)","₹29,999","₹23,999",4.2
"SAMSUNG Galaxy F62 (Laser Green, 128 GB)","₹31,999","₹25,999",4.3
"SAMSUNG Galaxy F62 (Laser Blue, 128 GB)","₹31,999","₹25,999",4.3
"SAMSUNG Galaxy F62 (Laser Green, 128 GB)","₹29,999","₹23,999",4.2
SAMSUNG SM-B310EZDDINS,"₹2,299","₹1,299",3.2
"SAMSUNG Galaxy S20 FE (Cloud Navy, 128 GB)","₹74,999","₹54,999",4
"SAMSUNG Galaxy F41 (Fusion Green, 128 GB)","₹20,999","₹14,499",4.3
"SAMSUNG Galaxy A31 (Prism Crush Blue, 128 GB)","₹23,999","₹16,999",4.3
"SAMSUNG Galaxy M11 (Metallic Blue, 32 GB)","₹12,665","₹11,339",4.2
"SAMSUNG Galaxy A6 (Gold, 64 GB)","₹25,999","₹10,890",4.3
"SAMSUNG Galaxy On6 (Blue, 64 GB)","₹17,600","₹10,599",4.4
"SAMSUNG Galaxy J6 (Black, 64 GB)","₹12,900","₹9,999",4.5
"SAMSUNG Galaxy On Nxt (Gold, 64 GB)","₹17,900","₹11,599",4.3
"SAMSUNG Galaxy S24 5G (Sapphire Blue, Blue, 256 GB)","₹79,999","₹75,000",4.5
"SAMSUNG SamsungGalaxyS24 (SAPPHIRE BLUE, 128 GB)","₹74,999","₹74,998",N/A
"SAMSUNG Galaxy A06 5G (Light Grey, 128 GB)","₹15,499","₹13,999",N/A
"SAMSUNG Galaxy A56 5G (Awesome Light Gray, 128 GB)","₹45,999","₹41,999",5
"SAMSUNG Galaxy A56 5G (Awesome Light Gray, 256 GB)","₹48,999","₹41,999",5
"SAMSUNG Galaxy A56 5G (Awesome Light Gray, 256 GB)","₹52,999","₹44,999",5
"SAMSUNG Galaxy A14 5G (Black, 128 GB)","₹17,499","₹17,399",4.2
"SAMSUNG Galaxy A14 (Light Green, 128 GB)","₹14,999","₹14,890",3.9
"SAMSUNG a14 5g (Steller Black, 64 GB)","₹11,999","₹11,890",4
"SAMSUNG Galaxy A14 (Light Green, 64 GB)","₹11,999","₹11,890",3.9
"SAMSUNG A14 5g (Green, 128 GB)","₹15,999","₹15,892",3.7
"SAMSUNG Galaxy A14 (Silver, 128 GB)","₹14,999","₹14,890",3.9
"SAMSUNG Galaxy A14 (Silver, 64 GB)","₹11,999","₹11,893",3.9
"SAMSUNG Galaxy A14 (Black, 64 GB)","₹11,999","₹11,892",3.9
"SAMSUNG Galaxy A14 5G (Black, 128 GB)","₹17,499","₹17,391",4.2
"SAMSUNG Galaxy A14 5G (Light Green, 64 GB)","₹18,499","₹18,391",4.2
"SAMSUNG Galaxy A14 5G (Black, 64 GB)","₹11,999","₹11,891",4.2
"SAMSUNG Galaxy A14 5G (Light Green, 128 GB)","₹17,499","₹15,748",4.2
"SAMSUNG Galaxy A14 5G (Dark Red, 64 GB)","₹11,999","₹11,891",4.2
"SAMSUNG Galaxy A14 5G (Dark Red, 128 GB)","₹14,999","₹14,891",4.2
"SAMSUNG Galaxy A14 5G (Dark Red, 128 GB)","₹20,999","₹13,993",4.2
"SAMSUNG Galaxy A35 (Light Blue, 128 GB)","₹33,999","₹33,985",N/A
"SAMSUNG Galaxy A14 5G (Light Green, 128 GB)","₹20,999","₹13,785",4.2
"SAMSUNG GALAXY A14 5G (Black, 128 GB)","₹22,999","₹15,691",4.1
"SAMSUNG Galaxy A14 5G (Light Green, 128 GB)","₹22,999","₹15,698",4.1
"SAMSUNG Galaxy A14 5G (Black, 128 GB)","₹20,999","₹13,595",4.2
"SAMSUNG Galaxy S23 5G (Cream, 256 GB)","₹95,999","₹95,900",4.6
"SAMSUNG Galaxy A14 5G (Dark Red, 128 GB)","₹22,999","₹15,691",4.1
"SAMSUNG Galaxy A35 5G (Awesome Iceblue, 256 GB)","₹36,999","₹28,047",4.3
"SAMSUNG Galaxy S25 5G (Icyblue, 256 GB)","₹80,999","₹60,500",4.6
"SAMSUNG Galaxy A16 5G (Blue Black, 256 GB)","₹24,499","₹19,999",4.2
"SAMSUNG Galaxy A16 5G (Gold, 256 GB)","₹24,499","₹18,990",4.2
"SAMSUNG Galaxy A16 5G (Light Green, 256 GB)","₹24,499","₹24,399",4.2
"SAMSUNG Galaxy A35 5G (Awesome Navy, 128 GB)","₹33,999","₹24,512",4.3
SAMSUNG Metro 313,"₹2,999","₹1,324",3.3
SAMSUNG Metro B313E,"₹2,100","₹1,501",3.1
SAMSUNG SM 12077,"₹1,999",₹900,3.1
SAMSUNG 1200,"₹2,099",₹849,3.2
SAMSUNG Guru Music 2,"₹2,199","₹1,606",3.4
SAMSUNG Guru Music 2,"₹2,400","₹1,527",3.4
SAMSUNG Guru Music 2 B310ED,"₹2,469","₹1,299",3.1
SAMSUNG Guru Music 2 B310ED,"₹1,999","₹1,099",3.1
SAMSUNG 1200,"₹1,999",₹889,3.2
"SAMSUNG Galaxy A35 (Light Blue, 128 GB)","₹33,999","₹33,900",N/A
"SAMSUNG Galaxy S24 5G (Sandstone Orange, 256 GB)","₹79,999","₹75,000",4.5
"SAMSUNG Galaxy A16 5G (Gold, 128 GB)","₹21,499","₹15,499",4.2
"SAMSUNG M15 5G Prime Edition (Stone Grey, 128 GB)","₹17,999","₹13,499",4.8
"(Refurbished) SAMSUNG Galaxy F15 5G (Ash Black, 128 GB)","₹15,999","₹10,999",N/A
"(Refurbished) SAMSUNG Galaxy A14 5G (Light Green, 128 GB)","₹15,499","₹11,999",N/A
"(Refurbished) SAMSUNG Galaxy F14 5G (B.A.E. Purple, 128 GB)","₹20,990","₹6,999",N/A
"(Refurbished) SAMSUNG Galaxy F54 5G (Stardust Silver, 256 GB)","₹35,999","₹18,099",3.6
"(Refurbished) SAMSUNG Galaxy F34 5G (Electric Black, 128 GB)","₹24,499","₹9,899",N/A
"(Refurbished) SAMSUNG Galaxy F34 5G (Mystic Green, 128 GB)","₹24,499","₹9,899",N/A
"(Refurbished) SAMSUNG Galaxy F13 (Nightsky Green, 64 GB)","₹14,999","₹6,299",N/A
"(Refurbished) SAMSUNG Galaxy F34 5G (Orchid Violet, 128 GB)","₹35,999","₹14,799",N/A
"(Refurbished) SAMSUNG Galaxy A34 5G (Awesome Violet, 128 GB)","₹35,499","₹17,699",N/A
"(Refurbished) SAMSUNG Galaxy A34 5G (Awesome Graphite, 256 GB)","₹37,999","₹19,199",N/A
"(Refurbished) SAMSUNG Galaxy F13 (Sunrise Copper, 128 GB)","₹16,999","₹7,999",N/A
"(Refurbished) SAMSUNG Galaxy F23 5G (Aqua Blue, 128 GB)","₹22,999","₹9,999",N/A
"(Refurbished) SAMSUNG Galaxy F13 (Nightsky Green, 128 GB)","₹16,999","₹7,999",N/A
"(Refurbished) SAMSUNG Galaxy F13 (Waterfall Blue, 64 GB)","₹14,999","₹6,299",N/A
"(Refurbished) SAMSUNG Galaxy F13 (Sunrise Copper, 64 GB)","₹14,999","₹6,299",N/A
SAMSUNG Metro 313,"₹2,567","₹1,219",3.3
"SAMSUNG Galaxy S24 5G (Amber Yellow, 512 GB)","₹89,999","₹89,990",4.5
"SAMSUNG Galaxy S24 5G (Onyx Black, 512 GB)","₹89,999","₹89,990",4.5
"SAMSUNG Galaxy S24 5G (Cobalt Violet, 512 GB)","₹89,999","₹89,990",4.5
"SAMSUNG Galaxy S24 Ultra 5G (Titanium Gray, 512 GB)","₹1,44,999","₹1,19,945",4.6
"(Refurbished) SAMSUNG Galaxy Z Flip4 5G (Pink Gold, 256 GB)","₹79,999","₹42,999",N/A
"(Refurbished) SAMSUNG Galaxy S24 Ultra 5G (Titanium Gray, 256 GB)","₹1,34,999","₹88,999",N/A
"(Refurbished) SAMSUNG Galaxy Z Fold4 5G (Graygreen, 256 GB)","₹1,49,999","₹74,999",N/A
"(Refurbished) SAMSUNG Galaxy F14 5G (GOAT Green, 128 GB)","₹14,999","₹8,099",N/A
"(Refurbished) SAMSUNG Galaxy S23 5G (Cream, 128 GB)","₹95,999","₹37,499",3.7
"(Refurbished) SAMSUNG Galaxy Z Fold4 5G (Phantom Black, 512 GB)","₹1,87,000","₹87,499",N/A
"(Refurbished) SAMSUNG Galaxy Z Fold3 5G (Phantom Silver, 256 GB)","₹99,999","₹49,999",N/A
"(Refurbished) SAMSUNG Galaxy F14 5G (OMG Black, 128 GB)","₹15,999","₹8,099",N/A
"(Refurbished) SAMSUNG Galaxy F34 5G (Orchid Violet, 128 GB)","₹19,999","₹9,999",N/A
"(Refurbished) SAMSUNG Galaxy S22 Plus 5G (Phantom Black, 128 GB)","₹79,999","₹37,499",N/A
"(Refurbished) SAMSUNG Galaxy S23 5G (Lavender, 256 GB)","₹69,999","₹39,999",3.7
"(Refurbished) SAMSUNG Galaxy Z Flip3 5G (Cream, 128 GB)","₹95,999","₹29,999",N/A
"(Refurbished) SAMSUNG Galaxy S22 Plus 5G (Green, 128 GB)","₹79,999","₹37,499",N/A
"(Refurbished) SAMSUNG Galaxy F15 5G (Groovy Violet, 128 GB)","₹17,999","₹11,999",N/A
"(Refurbished) SAMSUNG Galaxy A34 5G (Awesome Lime, 256 GB)","₹29,999","₹18,999",N/A
"(Refurbished) SAMSUNG Galaxy F14 5G (B.A.E. Purple, 128 GB)","₹16,999","₹7,499",N/A
"(Refurbished) SAMSUNG Galaxy A23 5G (Light Blue, 128 GB)","₹25,999","₹13,499",N/A
"(Refurbished) SAMSUNG Galaxy Z Flip4 5G (Graphite, 128 GB)","₹75,999","₹39,999",N/A
"(Refurbished) SAMSUNG Galaxy F15 5G (Ash Black, 128 GB)","₹23,999","₹11,999",N/A
"(Refurbished) SAMSUNG S20 FE 5G (Cloud Navy, 128 GB)","₹39,999","₹18,499",N/A
"(Refurbished) SAMSUNG Galaxy S23 Plus 5G (Phantom Black, 512 GB)","₹1,28,999","₹63,499",N/A
"(Refurbished) SAMSUNG Galaxy F15 5G (Jazzy Green, 128 GB)","₹19,999","₹11,499",N/A
"(Refurbished) SAMSUNG Galaxy F15 5G (Groovy Violet, 128 GB)","₹21,999","₹11,499",N/A
"(Refurbished) SAMSUNG Galaxy F15 5G (Jazzy Green, 128 GB)","₹19,999","₹11,999",N/A
SAMSUNG 1207,"₹1,752",₹849,3.1
"SAMSUNG Galaxy S24 Ultra 5G (Titanium Yellow, 512 GB)","₹1,44,999","₹1,29,999",4.6
"(Refurbished) SAMSUNG Galaxy S22 Plus 5G (Phantom White, 128 GB)","₹1,01,999","₹37,499",N/A
"(Refurbished) SAMSUNG Galaxy F54 5G (Stardust Silver, 256 GB)","₹35,999","₹18,799",3.6
"(Refurbished) SAMSUNG Galaxy S23 5G (Phantom Black, 128 GB)","₹89,999","₹39,999",3.7
"(Refurbished) SAMSUNG Galaxy S23 5G (Phantom Black, 256 GB)","₹95,999","₹43,999",3.7
"(Refurbished) SAMSUNG Galaxy S23 5G (Cream, 256 GB)","₹95,999","₹39,999",3.7
"(Refurbished) SAMSUNG Galaxy S22 5G (Phantom Black, 128 GB)","₹85,999","₹29,199",N/A
"(Refurbished) SAMSUNG Galaxy S22 Plus 5G (Green, 256 GB)","₹1,05,999","₹41,499",N/A
"(Refurbished) SAMSUNG Galaxy S23 5G (Green, 256 GB)","₹95,999","₹39,999",3.7
"SAMSUNG Galaxy F55 5G (Raisin Black, 256 GB)","₹31,999","₹23,999",4
"SAMSUNG Galaxy S24 5G (Cobalt Violet, 128 GB)","₹74,999","₹64,999",4.5
"SAMSUNG Galaxy M14 5G (Smoky Teal, 128 GB)","₹18,990","₹10,956",4.2
"SAMSUNG Galaxy M14 4G (Arctic Blue, 128 GB)","₹16,999","₹11,495",3.5
"SAMSUNG Galaxy M14 5G (Smoky Teal, 128 GB)","₹17,990","₹11,199",4.2
"SAMSUNG Galaxy F15 5G (Ash Black, 128 GB)","₹17,999","₹14,999",4.2
"SAMSUNG Galaxy F15 5G (Groovy Violet, 128 GB)","₹17,999","₹14,999",4.2
"SAMSUNG Galaxy F15 5G (Jazzy Green, 128 GB)","₹17,999","₹14,999",4.2
"SAMSUNG Galaxy M14 4G (Arctic Blue, 64 GB)","₹13,999","₹7,578",4.1
"SAMSUNG Galaxy S24 Ultra 5G (Titanium Gray, 1 TB)","₹1,64,999","₹1,49,999",4.6
"SAMSUNG Galaxy S24+ 5G (Onyx Black, 512 GB)","₹1,09,999","₹1,04,999",4.5
"SAMSUNG Galaxy S24+ 5G (Cobalt Violet, 512 GB)","₹1,09,999","₹1,04,999",4.5
"SAMSUNG Galaxy S24 5G (Cobalt Violet, 512 GB)","₹89,999","₹82,999",4.5
"SAMSUNG Galaxy S24 5G (Onyx Black, 256 GB)","₹79,999","₹70,999",4.5
SAMSUNG METRO 312,"₹2,789","₹1,338",2.8
"(Refurbished) SAMSUNG Galaxy A12 (Blue, 128 GB)","₹19,999","₹13,999",N/A
"SAMSUNG A05 (Black, 64 GB)","₹12,499","₹7,839",4
"SAMSUNG A05 (Silver, 64 GB)","₹12,999","₹8,999",4
"SAMSUNG Galaxy A15 5G (Light Blue, 256 GB)","₹24,499","₹19,999",4.3
"SAMSUNG Galaxy A15 5G (Blue, 256 GB)","₹24,499","₹19,999",4.3
"SAMSUNG Galaxy S23 FE (Cream, 128 GB)","₹79,999","₹29,999",4.4
"SAMSUNG Galaxy S23 FE (Cream, 256 GB)","₹84,999","₹32,999",4.4
"SAMSUNG Galaxy5 (Smoky Teal, 128 GB)","₹17,990","₹13,999",3.2
"SAMSUNG Galaxy A05s (Light Violet, 128 GB)","₹15,999","₹9,990",4.2
"SAMSUNG Galaxy A05s (Black, 128 GB)","₹17,499","₹10,990",4.2
"SAMSUNG Galaxy A05s (Light Green, 128 GB)","₹17,499","₹10,710",4.2
"SAMSUNG Galaxy S23 FE (Purple, 128 GB)","₹79,999","₹79,998",4.4
"SAMSUNG S23 FE (Mint, 128 GB)","₹79,999","₹79,998",4.7
"SAMSUNG S23 FE (Graphite, 128 GB)","₹79,999","₹79,998",4.7
"SAMSUNG Galaxy A05s (Black, 128 GB)","₹17,499","₹12,999",4.2
"SAMSUNG Galaxy A05s (Black, 128 GB)","₹15,999","₹11,499",4.2
"Samsung Galaxy S21 FE 5G with Snapdragon 888 (Graphite, 256 GB)","₹65,000","₹26,770",4.3
"Samsung Galaxy S21 FE 5G with Snapdragon 888 (Lavender, 128 GB)","₹69,999","₹28,999",4.3
"SAMSUNG Galaxy A54 5G (Awesome White, 256 GB)","₹45,999","₹37,499",4.3
"SAMSUNG A14 5g (Green, Light Green, 128 GB)","₹20,111","₹12,999",4.1
"Samsung Galaxy S21 FE 5G with Snapdragon 888 (Lavender, 256 GB)","₹67,999","₹27,289",4.3
"Samsung Galaxy S21 FE 5G with Snapdragon 888 (White, 256 GB)","₹73,500","₹32,900",4.3
"Samsung Galaxy S21 FE 5G with Snapdragon 888 (Navy, 256 GB)","₹65,000","₹27,092",4.3
"SAMSUNG Galaxy M14 5G (ICY Silver, 128 GB)","₹17,990","₹11,495",4.2
"SAMSUNG GALAXY M13 (Aqua Green, 64 GB)","₹14,999","₹9,890",4.2
"SAMSUNG A14 5g (Green, 128 GB)","₹22,999","₹16,999",3.7
"SAMSUNG Galaxy M14 5G (Berry Blue, 128 GB)","₹18,990","₹12,720",4.2
"SAMSUNG Galaxy M04 (Light Green, 128 GB)","₹13,499","₹7,699",4.1
"SAMSUNG Galaxy M04 (Light Green, 64 GB)","₹11,999","₹6,580",4.1
"SAMSUNG GALAXY M13 (Stardust Brown, 128 GB)","₹17,999","₹12,099",4.2
"SAMSUNG Galaxy M14 5G (Icy Silver, 128 GB)","₹18,990","₹11,300",4.2
"SAMSUNG Galaxy M34 5G (Waterfall Blue, 128 GB)","₹24,499","₹13,899",4.2
"SAMSUNG Galaxy M34 5G (Waterfall Blue, 128 GB)","₹25,999","₹15,994",4.2
"SAMSUNG Galaxy M34 5G (Graphite Black, 128 GB)","₹24,499","₹16,599",4.2
"SAMSUNG Galaxy M34 5G without charger (Midnight Blue, 128 GB)","₹25,999","₹15,900",4.2
"SAMSUNG Galaxy M34 5G without charger (Prism Silver, 128 GB)","₹24,499","₹14,100",4.3
"SAMSUNG Galaxy M33 5G (Emerald Brown, 128 GB)","₹24,999","₹16,199",4.2
"SAMSUNG Galaxy S20 FE 5G (Cloud Navy, 128 GB)","₹63,999","₹27,250",4.2
"SAMSUNG Galaxy M13 (Aqua Green, 128 GB)","₹17,999","₹12,999",4.2
"SAMSUNG Galaxy M33 5G (Deep Ocean Blue, 128 GB)","₹24,999","₹19,499",4.2
"SAMSUNG GALAXY M13 5G (Aqua Green, 128 GB)","₹16,999","₹14,400",4.2
"SAMSUNG Galaxy M33 5G (Deep Ocean Blue, 128 GB)","₹22,999","₹22,998",4.2
"SAMSUNG Galaxy F54 5G (Stardust Silver, 256 GB)","₹35,999","₹31,999",4.2
"SAMSUNG Galaxy M14 5G (ICY Silver, 128 GB)","₹17,990","₹11,375",4.2
"SAMSUNG Galaxy M14 5G (Icy Silver, 128 GB)","₹18,990","₹11,420",4.2
"SAMSUNG Galaxy M14 5G (Berry Blue, 128 GB)","₹18,990","₹11,032",4.2
"SAMSUNG Galaxy M14 5G (Berry Blue, 128 GB)","₹17,990","₹10,980",4.2
"SAMSUNG Galaxy M14 5G (Smoky Teal, 128 GB)","₹17,990","₹9,190",4.2
"SAMSUNG Galaxy M33 5G (Deep Ocean Blue, 128 GB)","₹25,999","₹17,499",4.2
"SAMSUNG Galaxy M33 5G (Deep Ocean Blue, 128 GB)","₹24,999","₹22,990",4.2
"SAMSUNG Galaxy A34 5G (Awesome Lime, 128 GB)","₹35,499","₹21,042",4.3
"SAMSUNG Galaxy core prime (Milky White, 8 GB)","₹8,999","₹7,999",4.1
"SAMSUNG Galaxy F14 5G (OMG Black, 128 GB)","₹17,490","₹11,990",4.2
"SAMSUNG Galaxy F14 5G (OMG Black, 128 GB)","₹18,490","₹11,789",4.2
"SAMSUNG Galaxy F14 5G (GOAT Green, 128 GB)","₹17,490","₹10,990",4.2
"SAMSUNG Galaxy A34 5G (Awesome Violet, 256 GB)","₹39,499","₹29,499",4.3
"SAMSUNG Galaxy A34 5G (Awesome Violet, 128 GB)","₹35,249","₹22,990",4.3
"SAMSUNG Galaxy A34 5G (Awesome Silver, 256 GB)","₹39,499","₹29,499",4.3
"SAMSUNG Galaxy A34 5G (Awesome Silver, 128 GB)","₹35,499","₹21,097",4.3
"SAMSUNG Galaxy A34 5G (Awesome Silver, 128 GB)","₹32,999","₹28,999",4.4
"SAMSUNG Galaxy A34 5G (Awesome Lime, 256 GB)","₹39,499","₹29,499",4.3
"SAMSUNG Galaxy A34 5G (Awesome Graphite, 256 GB)","₹33,999","₹25,999",4.3
"SAMSUNG Galaxy A34 5G (Awesome Graphite, 128 GB)","₹32,999","₹20,799",4.4
"SAMSUNG Galaxy A03 Core (Onyx, 32 GB)","₹10,499","₹6,345",4.1
"SAMSUNG Galaxy S23 5G (Cream, 256 GB)","₹95,999","₹41,999",4.6
"SAMSUNG Galaxy S23 Plus 5G (Cream, 512 GB)","₹1,28,999","₹94,999",4.5
"SAMSUNG Galaxy S23 Ultra 5G (Cream, 256 GB)","₹1,49,999","₹74,999",4.6
"SAMSUNG Galaxy S23 Ultra 5G (Green, 512 GB)","₹1,61,999","₹99,999",4.6
"SAMSUNG Galaxy S23 Plus 5G (Phantom Black, 512 GB)","₹1,28,999","₹94,999",4.5
"SAMSUNG Galaxy S23 Plus 5G (Cream, 256 GB)","₹1,16,999","₹84,999",4.5
"SAMSUNG Galaxy S23 Plus 5G (Cream, 512 GB)","₹1,28,999","₹94,999",4.5
"SAMSUNG Galaxy S23 Ultra 5G (Cream, 256 GB)","₹1,49,999","₹74,999",4.6
"SAMSUNG Galaxy S23 Ultra 5G (Green, 512 GB)","₹1,61,999","₹99,999",4.6
"SAMSUNG Galaxy S23 Plus 5G (Phantom Black, 512 GB)","₹1,28,999","₹94,999",4.5
"SAMSUNG Galaxy S23 Plus 5G (Cream, 256 GB)","₹1,16,999","₹84,999",4.5
"SAMSUNG Galaxy S23 Plus 5G (Phantom Black, 256 GB)","₹1,16,999","₹84,999",4.5
"SAMSUNG Galaxy M04 (Light Green, 128 GB)","₹13,499","₹7,714",4.1
"SAMSUNG Galaxy M04 (Dark Blue, 128 GB)","₹13,499","₹7,484",4.1
"SAMSUNG Galaxy M04 (Light Green, 128 GB)","₹13,499","₹8,551",4
"SAMSUNG Galaxy A23 5G (Light Blue, 128 GB)","₹28,990","₹21,999",4.1
"SAMSUNG Galaxy A23 5G (Orange, 128 GB)","₹30,990","₹23,999",4.1
"SAMSUNG Galaxy A04s (Black, 128 GB)","₹17,990","₹14,499",4.2
"SAMSUNG Galaxy A04s (Copper, 128 GB)","₹17,990","₹14,499",4.2
"SAMSUNG Galaxy A04s (Green, 128 GB)","₹17,990","₹14,499",4.2
"SAMSUNG Galaxy S22 5G (Bora Purple, 128 GB)","₹85,999","₹72,999",4.4
"SAMSUNG Galaxy M52 5G (Blazing Black, 128 GB)","₹32,999","₹23,068",4.2
"SAMSUNG Galaxy S22 5G (Phantom Black, 256 GB)","₹68,499","₹51,328",4.4
"SAMSUNG Galaxy S22 5G (Phantom White, 256 GB)","₹70,109","₹53,499",4.4
"SAMSUNG Galaxy S22 5G (Green, 256 GB)","₹65,000","₹49,999",4.4
"SAMSUNG Galaxy M52 5G (Icy Blue, 128 GB)","₹34,999","₹21,560",4.2
"SAMSUNG Galaxy M52 5G (Icy Blue, 128 GB)","₹34,999","₹23,068",4.2
"SAMSUNG Galaxy M32 (Black, 64 GB)","₹16,999","₹10,999",4.2
"SAMSUNG Galaxy M32 (Light Blue, 64 GB)","₹16,999","₹10,999",4.2
"SAMSUNG Galaxy M32 5G (Sky Blue, 128 GB)","₹25,999","₹21,999",4.1
"SAMSUNG Galaxy M32 5G (Slate Black, 128 GB)","₹24,999","₹19,999",4.1
"SAMSUNG Galaxy M32 (Black, 128 GB)","₹18,999","₹11,999",4.2
"SAMSUNG Galaxy M32 (Light Blue, 128 GB)","₹18,999","₹13,402",4.2
"SAMSUNG Galaxy M53 5G (Deep Ocean Blue, 128 GB)","₹32,192","₹17,934",4
"SAMSUNG Galaxy M53 5G (Emerald Brown, 128 GB)","₹34,999","₹25,299",4.1
"SAMSUNG Galaxy M53 5G (Mystique Green, 128 GB)","₹34,999","₹24,199",4.1
"SAMSUNG Galaxy M53 5G (Deep Ocean Blue, 128 GB)","₹32,999","₹22,900",4.1
"SAMSUNG Galaxy M53 5G (Emerald Brown, 128 GB)","₹30,999","₹23,488",4
"SAMSUNG GALAXY M13 5G (Aqua Green, 64 GB)","₹16,999","₹10,990",4.1
"SAMSUNG GALAXY M13 5G (Stardust Brown, 64 GB)","₹16,999","₹9,990",4.1
"SAMSUNG GALAXY M13 5G (?Stardust Brown, 128 GB)","₹16,999","₹12,625",4.2
"SAMSUNG GALAXY M13 5G (Midnight Blue, 128 GB)","₹19,499","₹13,329",4.2
"SAMSUNG GALAXY M13 5G (Midnight Blue, 64 GB)","₹16,999","₹11,099",4.1
"SAMSUNG GALAXY M13 5G (Aqua Green, 128 GB)","₹19,499","₹13,999",4.2
"SAMSUNG Galaxy S20 FE 5G (Cloud Navy, 128 GB)","₹64,999","₹26,760",4.2
"SAMSUNG Galaxy M33 5G (Deep Ocean Blue, 128 GB)","₹25,999","₹16,999",4.2
"SAMSUNG Galaxy M33 5G (Mystique Green, 128 GB)","₹24,999","₹15,572",4.2
"SAMSUNG Galaxy M33 5G (Deep Ocean Blue, 128 GB)","₹24,999","₹15,890",4.2
"SAMSUNG Galaxy M33 5G (Emarld Brown, 128 GB)","₹24,999","₹14,990",4.2
"SAMSUNG Galaxy S20 FE 5G (Cloud Mint, 128 GB)","₹69,256","₹26,899",4.2
"SAMSUNG Galaxy S20 FE 5G (Cloud Lavender, 128 GB)","₹64,999","₹28,499",4.2
"SAMSUNG Galaxy M32 Prime Edition (Light Blue, 64 GB)","₹16,999","₹11,999",4.1
"SAMSUNG Galaxy M13 (Aqua Green, 128 GB)","₹17,999","₹11,799",4.2
"SAMSUNG GALAXY M13 (Midnight Blue, 64 GB)","₹14,999","₹9,389",4.2
"SAMSUNG GALAXY M13 (Stardust Brown, 128 GB)","₹17,999","₹11,970",4.2
"SAMSUNG Galaxy M32 Prime Edition (Light Blue, 128 GB)","₹18,999","₹15,779",4.2
"SAMSUNG Galaxy M32 Prime Edition (Black, 128 GB)","₹16,999","₹13,999",4.2
"SAMSUNG Galaxy M32 Prime Edition (Black, 64 GB)","₹16,599","₹10,999",4.1
"SAMSUNG Galaxy M04 (Dark Blue, 64 GB)","₹11,498","₹11,000",4.1
"SAMSUNG A04 E (Copper, 128 GB)","₹14,999","₹8,999",4.3
"SAMSUNG Galaxy F04 (Jade Purple, 64 GB)","₹11,499","₹7,999",4.2
"SAMSUNG Galaxy F04 (Opal Green, 64 GB)","₹11,499","₹7,999",4.2
"SAMSUNG Galaxy A04 (Copper, 128 GB)","₹15,999","₹12,999",3.9
"SAMSUNG Galaxy A04 (Black, 64 GB)","₹14,999","₹11,999",3.9
"SAMSUNG Galaxy A04 (Black, 128 GB)","₹15,999","₹12,999",3.9
"SAMSUNG Galaxy S20 FE (Cloud Mint, 128 GB)","₹62,000","₹26,500",4
"SAMSUNG Galaxy M32 Prime Edition (Light Blue, 128 GB)","₹18,999","₹17,998",4.2
"SAMSUNG Galaxy M32 Prime Edition (Light Blue, 64 GB)","₹16,999","₹11,370",4.1
"SAMSUNG Galaxy M32 Prime Edition (Black, 64 GB)","₹11,839","₹11,790",4.1
"SAMSUNG Galaxy M32 Prime Edition (Black, 128 GB)","₹18,999","₹12,999",4.2
"SAMSUNG Galaxy A13 (Green, 64 GB)","₹18,490","₹14,399",4.1
"SAMSUNG Galaxy A13 (Green, 128 GB)","₹19,990","₹15,999",4.1
"SAMSUNG Galaxy A04s (Green, 64 GB)","₹15,990","₹13,499",4.2
"SAMSUNG Galaxy A04s (Black, 64 GB)","₹15,990","₹13,499",4.2
"SAMSUNG A52s (Black, 128 GB)","₹40,999","₹28,391",3.8
"SAMSUNG A52s (Awesome Violet, 128 GB)","₹40,999","₹28,391",3.8
"SAMSUNG Galaxy A03 Core (Mint, 32 GB)","₹10,499","₹5,999",4.1
"SAMSUNG Galaxy M32 5G (Sky Blue, 128 GB)","₹25,999","₹18,999",4.1
"SAMSUNG Galaxy M32 5G (Slate Black, 128 GB)","₹19,990","₹18,499",4.1
"SAMSUNG Galaxy A73 5G (Awesome Gray, 256 GB)","₹49,990","₹44,999",4.2
"SAMSUNG Galaxy A53 (Awesome Black, 256 GB)","₹42,999","₹36,499",4.1
"SAMSUNG Galaxy A53 (Awesome Blue, 256 GB)","₹42,999","₹36,499",4.1
"SAMSUNG Galaxy A03 Core (Green, 32 GB)","₹10,499","₹6,730",4.1
"SAMSUNG Galaxy Z Flip4 5G (Pink Gold, 128 GB)","₹1,01,999","₹89,999",3.9
"SAMSUNG Galaxy Z Fold4 5G (Phantom Black, 256 GB)","₹1,77,999","₹99,999",3.3
"SAMSUNG Galaxy Z Fold4 5G (Beige, 256 GB)","₹1,77,999","₹94,990",3.3
"SAMSUNG Galaxy Z Flip4 5G (Graphite, 256 GB)","₹1,06,999","₹94,999",3.9
"SAMSUNG Galaxy Z Flip4 5G (Graphite, 128 GB)","₹1,01,999","₹89,999",3.9
"SAMSUNG Galaxy Z Flip4 5G (Bora Purple, 128 GB)","₹1,01,999","₹89,999",3.9
"SAMSUNG GALAXY M13 (Midnight Blue, 64 GB)","₹14,999","₹10,698",4.2
"SAMSUNG Galaxy S22 5G (Phantom White, 128 GB)","₹85,999","₹37,299",4.4
"SAMSUNG Galaxy S22 Plus 5G (Phantom Black, 128 GB)","₹1,01,999","₹69,999",4.4
"SAMSUNG Galaxy S22 Plus 5G (Green, 128 GB)","₹1,01,999","₹69,999",4.4
"SAMSUNG Galaxy S22 Ultra 5G (Phantom Black, 256 GB)","₹1,31,999","₹84,500",4.5
"SAMSUNG Galaxy S22 Ultra 5G (Green, 256 GB)","₹1,31,999","₹84,753",4.5
"SAMSUNG Galaxy S22 Ultra 5G (Phantom Black, 512 GB)","₹1,31,999","₹84,753",4.5
"SAMSUNG M53 5G (Mystique Green, 128 GB)","₹32,999","₹23,000",4.1
"SAMSUNG M53 5G (Deep Ocean Blue, 128 GB)","₹29,999","₹26,990",4.1
"SAMSUNG Galaxy F13 (Nightsky Green, 128 GB)","₹16,999","₹11,999",4.3
"SAMSUNG Galaxy F13 (Sunrise Copper, 128 GB)","₹16,999","₹11,999",4.3
"SAMSUNG Galaxy F13 (Sunrise Copper, 64 GB)","₹14,999","₹10,999",4.3
"SAMSUNG Galaxy F13 (Waterfall Blue, 64 GB)","₹14,999","₹10,999",4.3
"SAMSUNG Galaxy F13 (Waterfall Blue, 128 GB)","₹16,999","₹11,999",4.3
"SAMSUNG Galaxy S22 ultra 5G (Burgundy, 256 GB)","₹1,31,999","₹84,753",4.5
"SAMSUNG Galaxy S21 FE 5G (White, 128 GB)","₹74,999","₹39,999",4.3
"(Refurbished) SAMSUNG Galaxy F22 (Denim Blue, 64 GB)","₹17,999","₹6,999",N/A
"(Refurbished) SAMSUNG Galaxy S21 (Phantom Violet, 128 GB)","₹1,00,999","₹23,499",N/A
"SAMSUNG S22 Ultra 5G (Burgundy, 256 GB)","₹1,05,000","₹91,000",4.1
"SAMSUNG Galaxy A73 5G (Awesome White, 128 GB)","₹47,490","₹41,999",4.2
"SAMSUNG Galaxy A73 5G (Awesome Mint, 256 GB)","₹49,990","₹44,999",4.2
"SAMSUNG Galaxy A73 5G (Awesome Mint, 128 GB)","₹47,490","₹41,999",4.2
"SAMSUNG Galaxy A73 5G (Awesome Gray, 128 GB)","₹47,490","₹42,999",4.2
"SAMSUNG Galaxy A33 (Awesome White, 128 GB)","₹33,990","₹27,499",4.1
"SAMSUNG Galaxy A33 (Awesome Blue, 128 GB)","₹32,990","₹25,999",4.1
"SAMSUNG Galaxy A33 (Awesome Black, 128 GB)","₹32,990","₹25,999",4.1
"SAMSUNG Galaxy A33 (Awesome Peach, 128 GB)","₹33,990","₹27,499",4.1
"SAMSUNG Galaxy A33 (Awesome White, 128 GB)","₹32,990","₹25,999",4.1
"SAMSUNG Galaxy A33 (Awesome White, 128 GB)","₹32,990","₹25,999",4.1
"SAMSUNG Galaxy A33 (Awesome Peach, 128 GB)","₹32,990","₹25,999",4.1
"SAMSUNG Galaxy A23 (Peach, 128 GB)","₹25,490","₹19,999",4.3
"SAMSUNG Galaxy A53 (Awesome Peach, 128 GB)","₹39,990","₹33,499",4.1
"SAMSUNG Galaxy A23 (Blue, 128 GB)","₹23,990","₹18,499",4.2
"SAMSUNG Galaxy A23 (Black, 128 GB)","₹23,990","₹18,499",4.2
"SAMSUNG Galaxy A53 (Awesome White, 128 GB)","₹38,990","₹31,999",4
"SAMSUNG Galaxy A53 (Awesome White, 128 GB)","₹39,990","₹33,499",4.1
"SAMSUNG Galaxy A53 (Awesome Black, 128 GB)","₹39,990","₹33,499",4.1
"SAMSUNG Galaxy A53 (Awesome Black, 128 GB)","₹38,990","₹31,999",4
"SAMSUNG Galaxy A13 (Black, 64 GB)","₹18,490","₹14,999",4.1
"SAMSUNG Galaxy A13 (Peach, 128 GB)","₹19,990","₹15,999",4.1
"SAMSUNG Galaxy A13 (White, 64 GB)","₹18,490","₹14,999",4.1
"SAMSUNG Galaxy A13 (Peach, 128 GB)","₹20,990","₹17,499",4.2
"SAMSUNG Galaxy A13 (White, 128 GB)","₹19,990","₹14,999",4.1
"SAMSUNG Galaxy A53 (Awesome Blue, 128 GB)","₹39,990","₹33,499",4.1
"SAMSUNG Galaxy A13 (Black, 128 GB)","₹19,990","₹15,999",4.1
"SAMSUNG Galaxy A13 (White, 128 GB)","₹20,990","₹16,499",4.2
"SAMSUNG Galaxy A03 (Black, 64 GB)","₹14,499","₹11,499",4.2
"SAMSUNG Galaxy A03 (Red, 64 GB)","₹14,499","₹11,499",4.2
"SAMSUNG Galaxy A03 (Blue, 64 GB)","₹14,499","₹11,499",4.2
"SAMSUNG Galaxy A03 (Blue, 32 GB)","₹12,999","₹9,999",4.1
"SAMSUNG Galaxy A03 Core (Black, 32 GB)","₹10,499","₹7,999",4.1
"SAMSUNG Galaxy A03 Core (Blue, 32 GB)","₹10,499","₹7,999",4.1
"SAMSUNG Galaxy A52s 5G (Awesome Mint, 128 GB)","₹30,865","₹28,699",4.2
"SAMSUNG Galaxy A32 (Awesome Black, 128 GB)","₹27,999","₹18,990",4.2
"SAMSUNG Galaxy A32 (Awesome Blue, 128 GB)","₹27,999","₹23,499",4.2
"(Refurbished) SAMSUNG Galaxy F12 (Sky Blue, 64 GB)","₹14,999","₹6,799",3.5
"SAMSUNG Galaxy Z Flip3 5G (Lavender, 128 GB)","₹95,999","₹95,998",4.3
"(Refurbished) SAMSUNG Galaxy F62 (Laser Grey, 128 GB)","₹29,999","₹13,299",4
"SAMSUNG Galaxy M32 5G (Slate Black, 128 GB)","₹25,999","₹17,999",4.1
"SAMSUNG Galaxy M32 5G (Sky Blue, 128 GB)","₹25,990","₹17,990",4.1
"SAMSUNG Galaxy F42 5G (Matte Black, 128 GB)","₹25,999","₹22,999",4.1
"SAMSUNG Galaxy F42 5G (Matte Black, 128 GB)","₹23,999","₹20,999",4.1
"(Refurbished) SAMSUNG Galaxy F62 (Laser Blue, 128 GB)","₹29,999","₹11,999",4
"SAMSUNG M32 5G (Slate Black, 128 GB)","₹16,990","₹16,900",4.1
"SAMSUNG M32 5G (Sky blue, 128 GB)","₹23,999","₹13,990",4.1
"SAMSUNG Galaxy Z Flip3 5G (Phantom Black, 256 GB)","₹99,999","₹99,998",4.3
"SAMSUNG Galaxy Z Flip3 5G (Cream, 256 GB)","₹99,999","₹49,990",4.3
"SAMSUNG Galaxy Z Flip3 5G (Phantom Black, 128 GB)","₹95,999","₹69,999",4.3
"SAMSUNG Galaxy A52s 5G (Awesome White, 128 GB)","₹34,999","₹29,999",4.2
"SAMSUNG Galaxy A52s 5G (Awesome Black, 128 GB)","₹38,999","₹32,499",4.2
"SAMSUNG Galaxy Z Fold3 5G (Phantom Silver, 256 GB)","₹1,71,999","₹1,69,999",4.1
"SAMSUNG Galaxy A03s (Blue, 64 GB)","₹14,499","₹11,499",4
"SAMSUNG Galaxy A03s (Blue, 32 GB)","₹13,499","₹11,499",4
"SAMSUNG M21 2021 Edition (Charcoal Black, 64 GB)","₹14,499","₹11,699",4.2
"SAMSUNG M21 2021 Edition (Arctic blue, 64 GB)","₹11,730","₹11,140",4.2
"SAMSUNG M21 2021 Edition (Charcoal Black, 128 GB)","₹16,999","₹15,999",4.4
"SAMSUNG Galaxy A12 (Blue, 128 GB)","₹17,999","₹15,499",4.1
"SAMSUNG Galaxy A12 (Black, 64 GB)","₹15,999","₹12,999",4.2
"SAMSUNG Galaxy A12 (Blue, 64 GB)","₹15,999","₹12,999",4.2
"SAMSUNG Galaxy A22 5G (Mint, 128 GB)","₹22,499","₹19,999",4.2
"SAMSUNG Galaxy A22 5G (Gray, 128 GB)","₹22,499","₹19,999",4.2
"SAMSUNG Galaxy A22 (Mint, 128 GB)","₹19,499","₹16,999",4.2
"SAMSUNG Galaxy A22 (Black, 128 GB)","₹20,499","₹11,999",4.2
"(Refurbished) SAMSUNG Galaxy S20+ (Cosmic Gray, 128 GB)","₹79,999","₹21,499",4.7
"SAMSUNG Galaxy M42 (Prism Dot Gray, 128 GB)","₹29,999","₹21,999",4.2
"SAMSUNG Galaxy M42 5G (Prism Dot Gray, 128 GB)","₹24,999","₹20,909",4.2
"SAMSUNG Galaxy M12 (Blue, 128 GB)","₹15,499","₹15,498",4.2
"SAMSUNG Galaxy F12 (Celestial Black, 128 GB)","₹13,999","₹11,499",4.3
"SAMSUNG Galaxy F02s (Diamond Blue, 64 GB)","₹11,499","₹10,499",4.2
"SAMSUNG Galaxy F02s (Diamond Black, 32 GB)","₹10,499","₹9,499",4.2
"SAMSUNG Galaxy M12 (White, 64 GB)","₹12,900","₹10,779",4.2
"SAMSUNG Galaxy M12 (Black, 64 GB)","₹12,999","₹9,999",4.2
"SAMSUNG Galaxy A52 (Awesome Blue, 128 GB)","₹30,499","₹25,990",4.3
"SAMSUNG Galaxy M02 (Red, 32 GB)","₹7,999","₹7,766",3.9
"SAMSUNG Galaxy M02 (Red, 32 GB)","₹8,913","₹8,899",4
"SAMSUNG Galaxy F62 (Laser Grey, 128 GB)","₹29,999","₹23,999",4.2
"SAMSUNG Galaxy F62 (Laser Grey, 128 GB)","₹31,999","₹25,999",4.3
"SAMSUNG M02s (Blue, 32 GB)","₹10,499","₹8,597",4.2
"SAMSUNG Galaxy Fold 2 (Mystic Black, 256 GB)","₹1,89,999","₹1,09,999",3.4
"SAMSUNG Galaxy S21 Plus (Phantom Silver, 128 GB)","₹1,00,999","₹45,999",4.4
"SAMSUNG Galaxy M31 (Iceberg blue, 128 GB)","₹18,999","₹17,499",4.3
"SAMSUNG M31 Prime (Space Black, 128 GB)","₹19,999","₹17,499",4.3
"SAMSUNG Galaxy M51 (Celestial Black, 128 GB)","₹30,999","₹28,999",4.4
"SAMSUNG Galaxy M51 (Electric Blue, 128 GB)","₹30,499","₹26,999",4.4
"SAMSUNG M31 Prime (IceBerg Blue, 128 GB)","₹19,999","₹17,990",4.3
"SAMSUNG Galaxy A21s (Blue, 128 GB)","₹18,999","₹17,499",4.2
"SAMSUNG Galaxy S20 FE (Cloud White, 128 GB)","₹65,999","₹35,999",4
"SAMSUNG Galaxy S20 FE (Cloud Lavender, 128 GB)","₹74,999","₹26,988",4
"SAMSUNG M31s (Mirage Blue, 128 GB)","₹24,999","₹20,999",4.3
"SAMSUNG GALAXY M31S (Mirage Black, 128 GB)","₹24,999","₹20,999",4.3
"SAMSUNG GALAXY M51 (Celestial Black, 128 GB)","₹28,999","₹21,990",4.3
"SAMSUNG GALAXY M51 (ELECTRIC BLUE, 128 GB)","₹28,999","₹22,999",4.3
"SAMSUNG Galaxy F41 (Fusion Green, 64 GB)","₹19,999","₹15,999",4.3
"SAMSUNG Galaxy F41 (Fusion Black, 128 GB)","₹20,999","₹14,499",4.3
"SAMSUNG Galaxy F41 (Fusion Blue, 128 GB)","₹20,999","₹14,499",4.3
"SAMSUNG Galaxy F41 (Fusion Black, 64 GB)","₹19,999","₹15,999",4.3
"SAMSUNG Galaxy F41 (Fusion Blue, 64 GB)","₹19,999","₹15,999",4.3
"SAMSUNG Galaxy M31s (Mirage Black, 128 GB)","₹22,999","₹11,990",4.2
"SAMSUNG Galaxy M31s (Mirage Blue, 128 GB)","₹22,999","₹9,499",4.2
"SAMSUNG Galaxy M31 (Ocean Blue, 128 GB)","₹18,950","₹18,325",4.3
"SAMSUNG Galaxy M01s (Gray, 32 GB)","₹10,999","₹10,899",4.3
"SAMSUNG Galaxy M01s (Light Blue, 32 GB)","₹10,999","₹8,999",4.3
"SAMSUNG M01 core (Blue, 16 GB)","₹6,999","₹4,999",3.9
"SAMSUNG M01 core (Black, 16 GB)","₹6,999","₹5,199",3.9
"SAMSUNG Galaxy M30S (Black, 128 GB)","₹15,990","₹13,990",4.3
"SAMSUNG Galaxy M21 (Raven Black, 64 GB)","₹14,999","₹12,999",4.3
"SAMSUNG Galaxy A31 (Prism Crush Black, 128 GB)","₹23,999","₹15,990",4.3
"SAMSUNG Galaxy M31 (Space Black, 64 GB)","₹18,999","₹12,499",4.3
"SAMSUNG Galaxy M31 (Ocean Blue, 64 GB)","₹17,499","₹15,993",4.3
"SAMSUNG M31 (Ocean Blue, 128 GB)","₹17,920","₹16,590",4.3
"SAMSUNG Galaxy M31 (Space Black, 128 GB)","₹17,800","₹16,790",4.3
"SAMSUNG Galaxy A71 (Prism Crush Blue, 128 GB)","₹34,999","₹29,999",4.4
"SAMSUNG Galaxy A70s (Prism Crush White, 128 GB)","₹33,100","₹30,500",4.3
"SAMSUNG Galaxy A50s (Prism Crush Violet, 128 GB)","₹24,900","₹21,070",4.3
"SAMSUNG Galaxy A50s (Prism Crush Black, 128 GB)","₹24,900","₹21,070",4.3
"SAMSUNG Galaxy M40 (Midnight Blue, 128 GB)","₹20,490","₹15,798",4.2
"SAMSUNG Galaxy A50 (White, 64 GB)","₹21,000","₹15,899",4.3
"SAMSUNG Galaxy J2 Core (Gold, 8 GB)","₹6,400","₹6,299",4.2
"SAMSUNG Galaxy J2 Core (Black, 8 GB)","₹6,400","₹6,299",4.2
"SAMSUNG Galaxy On6 (Black, 64 GB)","₹17,600","₹10,599",4.4
"SAMSUNG Galaxy J6 (Blue, 64 GB)","₹12,900","₹9,999",4.5
"SAMSUNG Galaxy S8 (Burgundy Red, 64 GB)","₹51,000","₹49,990",4.6
"SAMSUNG Galaxy Note 8 (Midnight Black, 64 GB)","₹74,000","₹29,999",4.6
"SAMSUNG Galaxy J3 Pro (Gold, 16 GB)","₹8,800","₹8,490",4.2
"SAMSUNG Galaxy J3 Pro (Black, 16 GB)","₹8,800","₹8,490",4.2
"SAMSUNG Galaxy On Nxt (Black, 64 GB)","₹17,900","₹11,599",4.3
"SAMSUNG Galaxy S8 Plus (Midnight Black, 64 GB)","₹59,000","₹53,990",4.6
"SAMSUNG Galaxy S8 (Midnight Black, 64 GB)","₹51,000","₹49,990",4.6
"SAMSUNG Galaxy A7-2017 (Gold Sand, 32 GB)","₹37,300","₹25,900",3.9
"SAMSUNG Galaxy On7 (Gold, 8 GB)","₹9,999","₹5,999",4.2
SAMSUNG Sm-B110E/D,"₹2,099",₹939,3.2
SAMSUNG Metro 313,"₹2,499","₹1,037",3.3
SAMSUNG Metro SM-B313ez,"₹2,499","₹1,039",3.3
SAMSUNG Metro 313,"₹2,099","₹1,324",3.7
